username	user_bio	video_link
eczachly	"250k on LI
ex-Lead DE@Airbnb,Netflix
Join my free data engineering newsletter"	https://www.tiktok.com/@eczachly/video/7258025676085841198
eczachly	"250k on LI
ex-Lead DE@Airbnb,Netflix
Join my free data engineering newsletter"	https://www.tiktok.com/@eczachly/video/7258002178952940843
eczachly	"250k on LI
ex-Lead DE@Airbnb,Netflix
Join my free data engineering newsletter"	https://www.tiktok.com/@eczachly/video/7252804779385212206
eczachly	"250k on LI
ex-Lead DE@Airbnb,Netflix
Join my free data engineering newsletter"	https://www.tiktok.com/@eczachly/video/7252804155096534314
eczachly	"250k on LI
ex-Lead DE@Airbnb,Netflix
Join my free data engineering newsletter"	https://www.tiktok.com/@eczachly/video/7249487549406727467
eczachly	"250k on LI
ex-Lead DE@Airbnb,Netflix
Join my free data engineering newsletter"	https://www.tiktok.com/@eczachly/video/7248396880478997803
eczachly	"250k on LI
ex-Lead DE@Airbnb,Netflix
Join my free data engineering newsletter"	https://www.tiktok.com/@eczachly/video/7248383928547970350
eczachly	"250k on LI
ex-Lead DE@Airbnb,Netflix
Join my free data engineering newsletter"	https://www.tiktok.com/@eczachly/video/7248374767328234795
eczachly	"250k on LI
ex-Lead DE@Airbnb,Netflix
Join my free data engineering newsletter"	https://www.tiktok.com/@eczachly/video/7247931344754445610
eczachly	"250k on LI
ex-Lead DE@Airbnb,Netflix
Join my free data engineering newsletter"	https://www.tiktok.com/@eczachly/video/7246549025523027246
eczachly	"250k on LI
ex-Lead DE@Airbnb,Netflix
Join my free data engineering newsletter"	https://www.tiktok.com/@eczachly/video/7246546103317876011
eczachly	"250k on LI
ex-Lead DE@Airbnb,Netflix
Join my free data engineering newsletter"	https://www.tiktok.com/@eczachly/video/7244343570201627947
eczachly	"250k on LI
ex-Lead DE@Airbnb,Netflix
Join my free data engineering newsletter"	https://www.tiktok.com/@eczachly/video/7244337275956497707
eczachly	"250k on LI
ex-Lead DE@Airbnb,Netflix
Join my free data engineering newsletter"	https://www.tiktok.com/@eczachly/video/7243154786042842411
eczachly	"250k on LI
ex-Lead DE@Airbnb,Netflix
Join my free data engineering newsletter"	https://www.tiktok.com/@eczachly/video/7243152180776013098
eczachly	"250k on LI
ex-Lead DE@Airbnb,Netflix
Join my free data engineering newsletter"	https://www.tiktok.com/@eczachly/video/7242911710879780138
eczachly	"250k on LI
ex-Lead DE@Airbnb,Netflix
Join my free data engineering newsletter"	https://www.tiktok.com/@eczachly/video/7241336704056053038
eczachly	"250k on LI
ex-Lead DE@Airbnb,Netflix
Join my free data engineering newsletter"	https://www.tiktok.com/@eczachly/video/7241328165464083758
eczachly	"250k on LI
ex-Lead DE@Airbnb,Netflix
Join my free data engineering newsletter"	https://www.tiktok.com/@eczachly/video/7241322485801618731
eczachly	"250k on LI
ex-Lead DE@Airbnb,Netflix
Join my free data engineering newsletter"	https://www.tiktok.com/@eczachly/video/7240516171630480683
eczachly	"250k on LI
ex-Lead DE@Airbnb,Netflix
Join my free data engineering newsletter"	https://www.tiktok.com/@eczachly/video/7240187397634444590
eczachly	"250k on LI
ex-Lead DE@Airbnb,Netflix
Join my free data engineering newsletter"	https://www.tiktok.com/@eczachly/video/7240181590788263211
eczachly	"250k on LI
ex-Lead DE@Airbnb,Netflix
Join my free data engineering newsletter"	https://www.tiktok.com/@eczachly/video/7236954626619215150
eczachly	"250k on LI
ex-Lead DE@Airbnb,Netflix
Join my free data engineering newsletter"	https://www.tiktok.com/@eczachly/video/7233881537790496043
eczachly	"250k on LI
ex-Lead DE@Airbnb,Netflix
Join my free data engineering newsletter"	https://www.tiktok.com/@eczachly/video/7231658897923427630
eczachly	"250k on LI
ex-Lead DE@Airbnb,Netflix
Join my free data engineering newsletter"	https://www.tiktok.com/@eczachly/video/7231651149118590251
eczachly	"250k on LI
ex-Lead DE@Airbnb,Netflix
Join my free data engineering newsletter"	https://www.tiktok.com/@eczachly/video/7231257527038577962
eczachly	"250k on LI
ex-Lead DE@Airbnb,Netflix
Join my free data engineering newsletter"	https://www.tiktok.com/@eczachly/video/7231253053347958062
eczachly	"250k on LI
ex-Lead DE@Airbnb,Netflix
Join my free data engineering newsletter"	https://www.tiktok.com/@eczachly/video/7230489934216351019
eczachly	"250k on LI
ex-Lead DE@Airbnb,Netflix
Join my free data engineering newsletter"	https://www.tiktok.com/@eczachly/video/7230488387848031534
eczachly	"250k on LI
ex-Lead DE@Airbnb,Netflix
Join my free data engineering newsletter"	https://www.tiktok.com/@eczachly/video/7229432585699511595
eczachly	"250k on LI
ex-Lead DE@Airbnb,Netflix
Join my free data engineering newsletter"	https://www.tiktok.com/@eczachly/video/7229429283951938862
eczachly	"250k on LI
ex-Lead DE@Airbnb,Netflix
Join my free data engineering newsletter"	https://www.tiktok.com/@eczachly/video/7229383712234900782
eczachly	"250k on LI
ex-Lead DE@Airbnb,Netflix
Join my free data engineering newsletter"	https://www.tiktok.com/@eczachly/video/7229382475582065963
eczachly	"250k on LI
ex-Lead DE@Airbnb,Netflix
Join my free data engineering newsletter"	https://www.tiktok.com/@eczachly/video/7228719984459926830
