query_date,before_date,subreddit,comment_author,comment_frequency
20-Feb-2023,90d,datascience,datascience-ModTeam,23
20-Feb-2023,90d,datascience,NewEcho2940,20
20-Feb-2023,90d,datascience,ActualHumanFemale,13
20-Feb-2023,90d,datascience,maxToTheJ,12
20-Feb-2023,90d,datascience,Unhappy_Technician68,12
20-Feb-2023,90d,datascience,Flashy-Career-7354,11
20-Feb-2023,90d,datascience,mnky9800n,8
20-Feb-2023,90d,datascience,adventuringraw,8
20-Feb-2023,90d,datascience,BobDope,8
20-Feb-2023,90d,datascience,Coco_Dirichlet,7
20-Feb-2023,90d,datascience,therealtiddlydump,7
20-Feb-2023,90d,datascience,[deleted],7
20-Feb-2023,90d,datascience,tekmailer,7
20-Feb-2023,90d,datascience,111llI0__-__0Ill111,7
20-Feb-2023,90d,datascience,SkipPperk,7
20-Feb-2023,90d,datascience,Nervous-Law-6606,7
20-Feb-2023,90d,datascience,Aldsi22,7
20-Feb-2023,90d,datascience,William_Rosebud,6
20-Feb-2023,90d,datascience,marr75,6
20-Feb-2023,90d,datascience,Pflastersteinmetz,6
20-Feb-2023,90d,datascience,tomvorlostriddle,6
20-Feb-2023,90d,datascience,bathroomworld,6
20-Feb-2023,90d,datascience,BestUCanIsGoodEnough,6
20-Feb-2023,90d,datascience,maratonininkas,6
20-Feb-2023,90d,datascience,queen_quarantine,6
20-Feb-2023,90d,datascience,SwitchOrganic,5
20-Feb-2023,90d,datascience,Splatulance,5
20-Feb-2023,90d,datascience,gerdes88,5
20-Feb-2023,90d,datascience,norfkens2,5
20-Feb-2023,90d,datascience,Gorb2,5
20-Feb-2023,90d,datascience,patrickSwayzeNU,5
20-Feb-2023,90d,datascience,Deto,5
20-Feb-2023,90d,datascience,tico_pico,5
20-Feb-2023,90d,datascience,TARehman,5
20-Feb-2023,90d,datascience,Zeroflops,5
20-Feb-2023,90d,datascience,likenedthus,5
20-Feb-2023,90d,datascience,po-handz,5
20-Feb-2023,90d,datascience,CWHzz,4
20-Feb-2023,90d,datascience,Any_Geologist9302,4
20-Feb-2023,90d,datascience,ag_9702,4
20-Feb-2023,90d,datascience,SuspiciousEffort22,4
20-Feb-2023,90d,datascience,Life_Ad_6195,4
20-Feb-2023,90d,datascience,Ataru074,4
20-Feb-2023,90d,datascience,fanhui3,4
20-Feb-2023,90d,datascience,2xunadult,4
20-Feb-2023,90d,datascience,Sabrina_Morningstar,4
20-Feb-2023,90d,datascience,zabumafew,4
20-Feb-2023,90d,datascience,First_Approximation,4
20-Feb-2023,90d,datascience,quadrialli96,4
20-Feb-2023,90d,datascience,Safe_Syllabub_240,4
20-Feb-2023,90d,datascience,Pepperoneous,4
20-Feb-2023,90d,datascience,NellucEcon,3
20-Feb-2023,90d,datascience,thapasaan,3
20-Feb-2023,90d,datascience,ThePhoenixRisesAgain,3
20-Feb-2023,90d,datascience,IpsoCranius,3
20-Feb-2023,90d,datascience,PredictorX1,3
20-Feb-2023,90d,datascience,throwr2d22025,3
20-Feb-2023,90d,datascience,Reasonable-Solid149,3
20-Feb-2023,90d,datascience,zykezero,3
20-Feb-2023,90d,datascience,SupplyChainPhd,3
20-Feb-2023,90d,datascience,Original_Cat9127,3
20-Feb-2023,90d,datascience,Every-Fee-6175,3
20-Feb-2023,90d,datascience,machka_nip,3
20-Feb-2023,90d,datascience,Czl2,3
20-Feb-2023,90d,datascience,konrradozuse,3
20-Feb-2023,90d,datascience,threehofive,3
20-Feb-2023,90d,datascience,somkoala,3
20-Feb-2023,90d,datascience,ChristianSingleton,3
20-Feb-2023,90d,datascience,ApathyandAnxiety,3
20-Feb-2023,90d,datascience,Clicketrie,3
20-Feb-2023,90d,datascience,Different_Fig4002,3
20-Feb-2023,90d,datascience,webbed_feets,3
20-Feb-2023,90d,datascience,LivingParadox8,3
20-Feb-2023,90d,datascience,mycellarium,3
20-Feb-2023,90d,datascience,Ralwus,3
20-Feb-2023,90d,datascience,Mmm36sa,3
20-Feb-2023,90d,datascience,Mission_Star_4393,3
20-Feb-2023,90d,datascience,quantpsychguy,3
20-Feb-2023,90d,datascience,franktankwank,3
20-Feb-2023,90d,datascience,KPTN25,3
20-Feb-2023,90d,datascience,Cpt_keaSar,3
20-Feb-2023,90d,datascience,here_walks_the_yeti,3
20-Feb-2023,90d,datascience,2strokes4lyfe,3
20-Feb-2023,90d,datascience,knowledgebass,3
20-Feb-2023,90d,datascience,Wanttopassspremaster,3
20-Feb-2023,90d,datascience,porgy_y,3
20-Feb-2023,90d,datascience,Djinn_Tonic4DataSci,2
20-Feb-2023,90d,datascience,ktpr,2
20-Feb-2023,90d,datascience,sawyerwelden,2
20-Feb-2023,90d,datascience,WirrryWoo,2
20-Feb-2023,90d,datascience,raz1470,2
20-Feb-2023,90d,datascience,forbiscuit,2
20-Feb-2023,90d,datascience,rhd9b,2
20-Feb-2023,90d,datascience,Saumya_Bisht,2
20-Feb-2023,90d,datascience,nico142857,2
20-Feb-2023,90d,datascience,BlackLotus8888,2
20-Feb-2023,90d,datascience,taguscove,2
20-Feb-2023,90d,datascience,Fatal_Conceit,2
20-Feb-2023,90d,datascience,bubble_chart,2
20-Feb-2023,90d,datascience,Vyrezzz,2
20-Feb-2023,90d,datascience,Implement-Worried,2
20-Feb-2023,90d,datascience,acdbddh,2
20-Feb-2023,90d,datascience,MartianHydrologist,2
20-Feb-2023,90d,datascience,JimmyTheCrossEyedDog,2
20-Feb-2023,90d,datascience,monkeyunited,2
20-Feb-2023,90d,datascience,BoiElroy,2
20-Feb-2023,90d,datascience,Low_Wall2898,2
20-Feb-2023,90d,datascience,theRealDavidDavis,2
20-Feb-2023,90d,datascience,mythrowaway0852,2
20-Feb-2023,90d,datascience,potatioslalad123,2
20-Feb-2023,90d,datascience,Otherwise_Ratio430,2
20-Feb-2023,90d,datascience,mattindustries,2
20-Feb-2023,90d,datascience,slowpush,2
20-Feb-2023,90d,datascience,Pristine-Internet616,2
20-Feb-2023,90d,datascience,mean_king17,2
20-Feb-2023,90d,datascience,Wallabanjo,2
20-Feb-2023,90d,datascience,First_Impact_,2
20-Feb-2023,90d,datascience,Xelaxander,2
20-Feb-2023,90d,datascience,Kiwi_Major,2
20-Feb-2023,90d,datascience,TrueBirch,2
20-Feb-2023,90d,datascience,TobiPlay,2
20-Feb-2023,90d,datascience,ghighcove,2
20-Feb-2023,90d,datascience,7yl4r,2
20-Feb-2023,90d,datascience,MonochromaticLeaves,2
20-Feb-2023,90d,datascience,nichtgefunden,2
20-Feb-2023,90d,datascience,rohit969,2
20-Feb-2023,90d,datascience,gadio1,2
20-Feb-2023,90d,datascience,coconutpie47,2
20-Feb-2023,90d,datascience,keeney_arcadia,2
20-Feb-2023,90d,datascience,Office_Sadist,2
20-Feb-2023,90d,datascience,Western-Help6969,2
20-Feb-2023,90d,datascience,jbvr963,2
20-Feb-2023,90d,datascience,darkness1685,2
20-Feb-2023,90d,datascience,babygrenade,2
20-Feb-2023,90d,datascience,Vituluss,2
20-Feb-2023,90d,datascience,Fun-Drive5745,2
20-Feb-2023,90d,datascience,5e4v,2
20-Feb-2023,90d,datascience,LNMagic,2
20-Feb-2023,90d,datascience,Frequentist_stats,2
20-Feb-2023,90d,datascience,jinnyjuice,2
20-Feb-2023,90d,datascience,gritty_69,2
20-Feb-2023,90d,datascience,dataguy24,2
20-Feb-2023,90d,datascience,Professor1441,2
20-Feb-2023,90d,datascience,chock-a-block,2
20-Feb-2023,90d,datascience,chandaliergalaxy,2
20-Feb-2023,90d,datascience,80s-rock,2
20-Feb-2023,90d,datascience,D3vaStateR,2
20-Feb-2023,90d,datascience,raharth,2
20-Feb-2023,90d,datascience,turingincarnate,2
20-Feb-2023,90d,datascience,Atmosck,2
20-Feb-2023,90d,datascience,Charming-Fishing3155,2
20-Feb-2023,90d,datascience,Hire_Ryan_Today,2
20-Feb-2023,90d,datascience,chandlerbing_stats,2
20-Feb-2023,90d,datascience,samudrin,2
20-Feb-2023,90d,datascience,Dapperscavenger,2
20-Feb-2023,90d,datascience,dedorian,2
20-Feb-2023,90d,datascience,ijxy,2
20-Feb-2023,90d,datascience,bikeskata,2
20-Feb-2023,90d,datascience,theAbominablySlowMan,2
20-Feb-2023,90d,datascience,ephelephant,2
20-Feb-2023,90d,datascience,vanTrottel,2
20-Feb-2023,90d,datascience,WickedWicky,2
20-Feb-2023,90d,datascience,Ariadne_Soul,2
20-Feb-2023,90d,datascience,AlleyOoopp,2
20-Feb-2023,90d,datascience,siddartha08,2
20-Feb-2023,90d,datascience,FatLeeAdama2,2
20-Feb-2023,90d,datascience,Wood_Rogue,2
20-Feb-2023,90d,datascience,TrollandDie,2
20-Feb-2023,90d,datascience,rainbow3,2
20-Feb-2023,90d,datascience,minimaxir,2
20-Feb-2023,90d,datascience,cuteliripoop,2
20-Feb-2023,90d,datascience,devotedT,2
20-Feb-2023,90d,datascience,GenericHam,2
20-Feb-2023,90d,datascience,flamestamed,2
20-Feb-2023,90d,datascience,synthphreak,2
20-Feb-2023,90d,datascience,Garthak_92,2
20-Feb-2023,90d,datascience,Any-Fig-921,1
20-Feb-2023,90d,datascience,Littleish,1
20-Feb-2023,90d,datascience,ghostofkilgore,1
20-Feb-2023,90d,datascience,adamfromtonic,1
20-Feb-2023,90d,datascience,Itsnotadiss,1
20-Feb-2023,90d,datascience,chinnu34,1
20-Feb-2023,90d,datascience,DreamyPen,1
20-Feb-2023,90d,datascience,SpecificMassive1870,1
20-Feb-2023,90d,datascience,SgtSlice,1
20-Feb-2023,90d,datascience,Big-Acanthaceae-9888,1
20-Feb-2023,90d,datascience,profiler1984,1
20-Feb-2023,90d,datascience,ns-eliot,1
20-Feb-2023,90d,datascience,Inner_Pin,1
20-Feb-2023,90d,datascience,supfuh,1
20-Feb-2023,90d,datascience,skatastic57,1
20-Feb-2023,90d,datascience,gradual_alzheimers,1
20-Feb-2023,90d,datascience,bizarre_coincidence,1
20-Feb-2023,90d,datascience,Im_Bad_At_These,1
20-Feb-2023,90d,datascience,pascalvontje,1
20-Feb-2023,90d,datascience,DScirclejerk,1
20-Feb-2023,90d,datascience,Invictus089,1
20-Feb-2023,90d,datascience,-soggy_peanut,1
20-Feb-2023,90d,datascience,anonynimiti,1
20-Feb-2023,90d,datascience,Slightlycritical1,1
20-Feb-2023,90d,datascience,sniffykix,1
20-Feb-2023,90d,datascience,Hallam9000,1
20-Feb-2023,90d,datascience,WTKhan,1
20-Feb-2023,90d,datascience,modernangel,1
20-Feb-2023,90d,datascience,renok_archnmy,1
20-Feb-2023,90d,datascience,every_other_freackle,1
20-Feb-2023,90d,datascience,twohusknight,1
20-Feb-2023,90d,datascience,Loud_Ad_6272,1
20-Feb-2023,90d,datascience,a_man_of_music,1
20-Feb-2023,90d,datascience,atwork_safe,1
20-Feb-2023,90d,datascience,UnderTenPercent,1
20-Feb-2023,90d,datascience,Stats_n_PoliSci,1
20-Feb-2023,90d,datascience,idontcontributemuch,1
20-Feb-2023,90d,datascience,New_Pie4277,1
20-Feb-2023,90d,datascience,koivunklapi,1
20-Feb-2023,90d,datascience,whiteowled,1
20-Feb-2023,90d,datascience,Similar_Source5962,1
20-Feb-2023,90d,datascience,learnhtk,1
20-Feb-2023,90d,datascience,BloatedGlobe,1
20-Feb-2023,90d,datascience,Secret-_-Robot,1
20-Feb-2023,90d,datascience,ThunderTheMoney,1
20-Feb-2023,90d,datascience,Transparent_Turtle,1
20-Feb-2023,90d,datascience,CrazyJoe221,1
20-Feb-2023,90d,datascience,rickkkkky,1
20-Feb-2023,90d,datascience,Low-Protection-1039,1
20-Feb-2023,90d,datascience,Atxaquariguy,1
20-Feb-2023,90d,datascience,TheReal_KindStranger,1
20-Feb-2023,90d,datascience,GoldenGalluch,1
20-Feb-2023,90d,datascience,Typical_Diamond_7082,1
20-Feb-2023,90d,datascience,colibriweiss,1
20-Feb-2023,90d,datascience,younggamech,1
20-Feb-2023,90d,datascience,loner-turtle,1
20-Feb-2023,90d,datascience,captain_awesomesauce,1
20-Feb-2023,90d,datascience,aaa34bbb56ccc,1
20-Feb-2023,90d,datascience,LawrenceMABioinfo,1
20-Feb-2023,90d,datascience,EnergyIntegral,1
20-Feb-2023,90d,datascience,filling__space,1
20-Feb-2023,90d,datascience,bottleboy8,1
20-Feb-2023,90d,datascience,Paanx,1
20-Feb-2023,90d,datascience,GuinsooIsOverrated,1
20-Feb-2023,90d,datascience,LankySmile5325,1
20-Feb-2023,90d,datascience,CataclysmClive,1
20-Feb-2023,90d,datascience,sloerewth,1
20-Feb-2023,90d,datascience,dvdquikrewinder,1
20-Feb-2023,90d,datascience,omg_username-taken,1
20-Feb-2023,90d,datascience,writeafilthysong,1
20-Feb-2023,90d,datascience,datedscientist,1
20-Feb-2023,90d,datascience,XVMECHA,1
20-Feb-2023,90d,datascience,My_Apps,1
20-Feb-2023,90d,datascience,Serker,1
20-Feb-2023,90d,datascience,evilImperator,1
20-Feb-2023,90d,datascience,adagio35,1
20-Feb-2023,90d,datascience,bilalak,1
20-Feb-2023,90d,datascience,raj1tm115,1
20-Feb-2023,90d,datascience,cybermrktTrader,1
20-Feb-2023,90d,datascience,deformedcat,1
20-Feb-2023,90d,datascience,RickedPickle,1
20-Feb-2023,90d,datascience,tnkhanh2909,1
20-Feb-2023,90d,datascience,PayMe4MyData,1
20-Feb-2023,90d,datascience,Objective_Stage2537,1
20-Feb-2023,90d,datascience,Dathisofegypt,1
20-Feb-2023,90d,datascience,Asleep-Dress-3578,1
20-Feb-2023,90d,datascience,Reformations,1
20-Feb-2023,90d,datascience,Lewisite466,1
20-Feb-2023,90d,datascience,pizzagarrett,1
20-Feb-2023,90d,datascience,_Yeet_xoxo,1
20-Feb-2023,90d,datascience,CropDuster921,1
20-Feb-2023,90d,datascience,Mysterious_String_23,1
20-Feb-2023,90d,datascience,HireAnalytic,1
20-Feb-2023,90d,datascience,Pentinumlol,1
20-Feb-2023,90d,datascience,born_on_my_cakeday,1
20-Feb-2023,90d,datascience,its_a_gibibyte,1
20-Feb-2023,90d,datascience,Pawankpx,1
20-Feb-2023,90d,datascience,Prime_Director,1
20-Feb-2023,90d,datascience,richgirlatgc,1
20-Feb-2023,90d,datascience,Typical-Length-4217,1
20-Feb-2023,90d,datascience,hesperoyucca,1
20-Feb-2023,90d,datascience,Spiritual-Act9545,1
20-Feb-2023,90d,datascience,Zscore3,1
20-Feb-2023,90d,datascience,bradygilg,1
20-Feb-2023,90d,datascience,Sannish,1
20-Feb-2023,90d,datascience,Reasonable_String_18,1
20-Feb-2023,90d,datascience,Comfortable_Slip4025,1
20-Feb-2023,90d,datascience,Skwuish,1
20-Feb-2023,90d,datascience,reasonable1998,1
20-Feb-2023,90d,datascience,aspera1631,1
20-Feb-2023,90d,datascience,Scientific_Thinking,1
20-Feb-2023,90d,datascience,unsteady_panda,1
20-Feb-2023,90d,datascience,CatOfGrey,1
20-Feb-2023,90d,datascience,anonamen,1
20-Feb-2023,90d,datascience,Mr_Yuker,1
20-Feb-2023,90d,datascience,Jorrissss,1
20-Feb-2023,90d,datascience,dk1899,1
20-Feb-2023,90d,datascience,updatedprior,1
20-Feb-2023,90d,datascience,williamfbuckwheat,1
20-Feb-2023,90d,datascience,shedogre,1
20-Feb-2023,90d,datascience,Geojere,1
20-Feb-2023,90d,datascience,Binliner42,1
20-Feb-2023,90d,datascience,butcherbird1,1
20-Feb-2023,90d,datascience,Joker4U2C,1
20-Feb-2023,90d,datascience,poetical_poltergeist,1
20-Feb-2023,90d,datascience,olmek7,1
20-Feb-2023,90d,datascience,Chrisblystone,1
20-Feb-2023,90d,datascience,tangentc,1
20-Feb-2023,90d,datascience,pkstata,1
20-Feb-2023,90d,datascience,CSP2900,1
20-Feb-2023,90d,datascience,hofferd78,1
20-Feb-2023,90d,datascience,miraculum_one,1
20-Feb-2023,90d,datascience,MontanaHikingResearc,1
20-Feb-2023,90d,datascience,edzitkus,1
20-Feb-2023,90d,datascience,Ortan_9Gardens,1
20-Feb-2023,90d,datascience,unmasked_crusader,1
20-Feb-2023,90d,datascience,PsikoticWanderer,1
20-Feb-2023,90d,datascience,ticktocktoe,1
20-Feb-2023,90d,datascience,shujaa-g,1
20-Feb-2023,90d,datascience,bear007,1
20-Feb-2023,90d,datascience,RequirementRequired,1
20-Feb-2023,90d,datascience,XxCozmoKramerxX,1
20-Feb-2023,90d,datascience,florinandrei,1
20-Feb-2023,90d,datascience,ProficientSWE,1
20-Feb-2023,90d,datascience,gatdarntootin,1
20-Feb-2023,90d,datascience,sososhibby,1
20-Feb-2023,90d,datascience,DuckSaxaphone,1
20-Feb-2023,90d,datascience,ditlevrisdahl,1
20-Feb-2023,90d,datascience,MrFlamingQueen,1
20-Feb-2023,90d,datascience,naman_is,1
20-Feb-2023,90d,datascience,sunplaysbass,1
20-Feb-2023,90d,datascience,Neosinic,1
20-Feb-2023,90d,datascience,run2win2k,1
20-Feb-2023,90d,datascience,DesolationRobot,1
20-Feb-2023,90d,datascience,No_Dig_7017,1
20-Feb-2023,90d,datascience,Pyxisss,1
20-Feb-2023,90d,datascience,luciferMS97,1
20-Feb-2023,90d,datascience,Dependent_Teach_9697,1
20-Feb-2023,90d,datascience,AnObscureQuote,1
20-Feb-2023,90d,datascience,Mooks79,1
20-Feb-2023,90d,datascience,quipkick,1
20-Feb-2023,90d,datascience,imnotthomas,1
20-Feb-2023,90d,datascience,Laksh00700,1
20-Feb-2023,90d,datascience,1776Bro,1
20-Feb-2023,90d,datascience,MyPumpDid25DMG,1
20-Feb-2023,90d,datascience,OEP90,1
20-Feb-2023,90d,datascience,CaptainFoyle,1
20-Feb-2023,90d,datascience,Boonzies,1
20-Feb-2023,90d,datascience,TrampasaurusRex,1
20-Feb-2023,90d,datascience,HyDreVv,1
20-Feb-2023,90d,datascience,Minute_Ask_9681,1
20-Feb-2023,90d,datascience,sallgoodman340,1
20-Feb-2023,90d,datascience,Upstairs-Deer8805,1
20-Feb-2023,90d,datascience,acebabymemes,1
20-Feb-2023,90d,datascience,KazeTheSpeedDemon,1
20-Feb-2023,90d,datascience,homoeconomicus1,1
20-Feb-2023,90d,datascience,jturp-sc,1
20-Feb-2023,90d,datascience,PanadaPal,1
20-Feb-2023,90d,datascience,PatientInvestor12,1
20-Feb-2023,90d,datascience,BakerInTheKitchen,1
20-Feb-2023,90d,datascience,crunchybumble,1
20-Feb-2023,90d,datascience,PG-Noob,1
20-Feb-2023,90d,datascience,Dysfu,1
20-Feb-2023,90d,datascience,Chopsting,1
20-Feb-2023,90d,datascience,K_is_for_Karma,1
20-Feb-2023,90d,datascience,AlbatrossAdept6681,1
20-Feb-2023,90d,datascience,Mountain_Thanks4263,1
20-Feb-2023,90d,datascience,alfredosuac,1
20-Feb-2023,90d,datascience,speedisntfree,1
20-Feb-2023,90d,datascience,Walkable-Frame,1
20-Feb-2023,90d,datascience,deformedcamelhump,1
20-Feb-2023,90d,datascience,VisMortis,1
20-Feb-2023,90d,datascience,_ZlaTanskY_,1
20-Feb-2023,90d,datascience,Adam_24061,1
20-Feb-2023,90d,datascience,crazy_mony,1
20-Feb-2023,90d,datascience,jammyftw,1
20-Feb-2023,90d,datascience,Wriotreho,1
20-Feb-2023,90d,datascience,user4684784124,1
20-Feb-2023,90d,datascience,Waffleradio,1
20-Feb-2023,90d,datascience,WelcomeAggressive713,1
20-Feb-2023,90d,datascience,Afriendlysherburt,1
20-Feb-2023,90d,datascience,Ok_Dependent1131,1
20-Feb-2023,90d,datascience,Titanusgamer,1
20-Feb-2023,90d,datascience,altaered,1
20-Feb-2023,90d,datascience,bingbong_sempai,1
20-Feb-2023,90d,datascience,pnk31,1
20-Feb-2023,90d,datascience,randomhuman7482,1
20-Feb-2023,90d,datascience,JewelM419,1
20-Feb-2023,90d,datascience,narmerguy,1
20-Feb-2023,90d,datascience,ez613,1
20-Feb-2023,90d,datascience,emmington_dulux,1
20-Feb-2023,90d,datascience,Xteec,1
20-Feb-2023,90d,datascience,geldersekifuzuli,1
20-Feb-2023,90d,datascience,clanatk,1
20-Feb-2023,90d,datascience,RemindMeBot,1
20-Feb-2023,90d,datascience,PawzUK,1
20-Feb-2023,90d,datascience,Vile_Vampire,1
20-Feb-2023,90d,datascience,greenfootballs,1
20-Feb-2023,90d,datascience,forest_park,1
20-Feb-2023,90d,datascience,dmuney,1
20-Feb-2023,90d,datascience,newyorkeric,1
20-Feb-2023,90d,datascience,SprayPsychological86,1
20-Feb-2023,90d,datascience,poopiedrawers007,1
20-Feb-2023,90d,datascience,elreptilmagico,1
20-Feb-2023,90d,datascience,YJako,1
20-Feb-2023,90d,datascience,disbandposter,1
20-Feb-2023,90d,datascience,Street_Performer_546,1
20-Feb-2023,90d,datascience,sfboots,1
20-Feb-2023,90d,datascience,DeuceWallaces,1
20-Feb-2023,90d,datascience,Low-Neighborhood4697,1
20-Feb-2023,90d,datascience,Dylan_TMB,1
20-Feb-2023,90d,datascience,brereddit,1
20-Feb-2023,90d,datascience,JohnHazardWandering,1
20-Feb-2023,90d,datascience,yaymayhun,1
20-Feb-2023,90d,datascience,baby_yoda_90,1
20-Feb-2023,90d,datascience,slynnsin1,1
20-Feb-2023,90d,datascience,ShelterSad4144,1
20-Feb-2023,90d,datascience,easyeighter,1
20-Feb-2023,90d,datascience,paperjena,1
20-Feb-2023,90d,datascience,ConfirmingTheObvious,1
20-Feb-2023,90d,datascience,Armensis,1
20-Feb-2023,90d,datascience,musclecard54,1
20-Feb-2023,90d,datascience,No_Communication4022,1
20-Feb-2023,90d,datascience,ramblinginternetnerd,1
20-Feb-2023,90d,datascience,labloke11,1
20-Feb-2023,90d,datascience,aholmes0,1
20-Feb-2023,90d,datascience,FelicitousFiend,1
20-Feb-2023,90d,datascience,NARWHAL_THEFT,1
20-Feb-2023,90d,datascience,icanelectoo,1
20-Feb-2023,90d,datascience,_roPe_A,1
20-Feb-2023,90d,datascience,htii_,1
20-Feb-2023,90d,datascience,Lonely_Tuner,1
20-Feb-2023,90d,datascience,nirvanna94,1
20-Feb-2023,90d,datascience,Matt_Tress,1
20-Feb-2023,90d,datascience,bboycage,1
20-Feb-2023,90d,datascience,bobbruno,1
20-Feb-2023,90d,datascience,semisolidwhale,1
20-Feb-2023,90d,datascience,Glad-Acanthaceae-467,1
20-Feb-2023,90d,datascience,hbdgas,1
20-Feb-2023,90d,datascience,MissingSnail,1
20-Feb-2023,90d,datascience,ksatriamelayu,1
20-Feb-2023,90d,datascience,J1618,1
20-Feb-2023,90d,datascience,msd483,1
20-Feb-2023,90d,datascience,hobz462,1
20-Feb-2023,90d,datascience,Amandazona,1
20-Feb-2023,90d,datascience,Legitimate-Prior-467,1
20-Feb-2023,90d,datascience,rotterdamn8,1
20-Feb-2023,90d,datascience,save_the_panda_bears,1
20-Feb-2023,90d,datascience,deephugs,1
20-Feb-2023,90d,datascience,Eresbonitaguey,1
20-Feb-2023,90d,datascience,ZedGama3,1
20-Feb-2023,90d,datascience,Bonobo791,1
20-Feb-2023,90d,datascience,Hi-Techh,1
20-Feb-2023,90d,datascience,nuclear_knucklehead,1
20-Feb-2023,90d,datascience,derpderp235,1
20-Feb-2023,90d,datascience,DistributionBeta210,1
20-Feb-2023,90d,datascience,sirquincymac,1
20-Feb-2023,90d,datascience,dmorris87,1
20-Feb-2023,90d,datascience,IdnSomebody,1
20-Feb-2023,90d,datascience,iamsum1gr8,1
20-Feb-2023,90d,datascience,IndependentVillage1,1
20-Feb-2023,90d,datascience,JeepMan831,1
20-Feb-2023,90d,datascience,Ok_Kitchen_8811,1
20-Feb-2023,90d,datascience,FranticToaster,1
20-Feb-2023,90d,datascience,LuckLumpy7430,1
20-Feb-2023,90d,datascience,InvestorC17,1
20-Feb-2023,90d,datascience,exb165,1
20-Feb-2023,90d,datascience,cakemixtiger7,1
20-Feb-2023,90d,datascience,madfordata,1
20-Feb-2023,90d,datascience,ParanoidSkier,1
20-Feb-2023,90d,datascience,ProjectMobius,1
20-Feb-2023,90d,datascience,hotplasmatits,1
20-Feb-2023,90d,datascience,Computer_says_nooo,1
20-Feb-2023,90d,datascience,pag07,1
20-Feb-2023,90d,datascience,TisHereThereTisGone,1
20-Feb-2023,90d,datascience,ZooplanktonblameFun8,1
20-Feb-2023,90d,datascience,NewStart793,1
20-Feb-2023,90d,datascience,LiquorishSunfish,1
20-Feb-2023,90d,datascience,uiusea,1
20-Feb-2023,90d,datascience,Aiorr,1
20-Feb-2023,90d,datascience,BlackberrySalty8531,1
20-Feb-2023,90d,datascience,randomName77777777,1
20-Feb-2023,90d,datascience,GetHimOffTheField,1
20-Feb-2023,90d,datascience,Own_Neighborhood_231,1
20-Feb-2023,90d,datascience,caprine_chris,1
20-Feb-2023,90d,datascience,luishacm,1
20-Feb-2023,90d,datascience,donewithredditshit,1
20-Feb-2023,90d,datascience,Vervain7,1
20-Feb-2023,90d,datascience,scun1995,1
20-Feb-2023,90d,datascience,be54-7e5b5cb25a12,1
20-Feb-2023,90d,datascience,DeathinfullHD,1
20-Feb-2023,90d,datascience,marshal_mellow,1
20-Feb-2023,90d,datascience,Acrobatic_Mood488,1
20-Feb-2023,90d,datascience,Key-Replacement-2483,1
20-Feb-2023,90d,datascience,TELENETIC,1
20-Feb-2023,90d,datascience,damned-to-suffer,1
20-Feb-2023,90d,datascience,helpMeOut9999,1
20-Feb-2023,90d,datascience,ComfortableComplex26,1
20-Feb-2023,90d,datascience,Earthquake14,1
20-Feb-2023,90d,datascience,TheNoobtologist,1
20-Feb-2023,90d,datascience,Icy-Extension-9291,1
20-Feb-2023,90d,datascience,DisWastingMyTime,1
20-Feb-2023,90d,datascience,_kochino,1
20-Feb-2023,90d,datascience,Borror0,1
20-Feb-2023,90d,datascience,old_mcfartigan,1
20-Feb-2023,90d,datascience,aliekens,1
20-Feb-2023,90d,datascience,Hot_Elk345,1
20-Feb-2023,90d,datascience,r_archer,1
20-Feb-2023,90d,datascience,TheQuestForDitto,1
20-Feb-2023,90d,datascience,LittleBigMidget,1
20-Feb-2023,90d,datascience,ComputerWiz64,1
20-Feb-2023,90d,datascience,Alarming_Book9400,1
20-Feb-2023,90d,datascience,TwoKeezPlusMz,1
20-Feb-2023,90d,datascience,drollerfoot7,1
20-Feb-2023,90d,datascience,BillyYumYum2times2,1
20-Feb-2023,90d,datascience,Alan_Retentive,1
20-Feb-2023,90d,datascience,double-click,1
20-Feb-2023,90d,datascience,raban0815,1
20-Feb-2023,90d,datascience,sapnupuasop,1
20-Feb-2023,90d,datascience,bezoarboy,1
20-Feb-2023,90d,datascience,Relevant-Rhubarb-849,1
20-Feb-2023,90d,datascience,hitaho,1
20-Feb-2023,90d,datascience,Stochastic_berserker,1
20-Feb-2023,90d,datascience,kid_ghibli,1
20-Feb-2023,90d,datascience,Leading_Ad_4569,1
20-Feb-2023,90d,datascience,DataaaMan,1
20-Feb-2023,90d,datascience,sweeetscience,1
20-Feb-2023,90d,datascience,hxstr,1
20-Feb-2023,90d,datascience,uuuseful,1
20-Feb-2023,90d,datascience,JaJan1,1
20-Feb-2023,90d,datascience,Professional-Cash490,1
20-Feb-2023,90d,datascience,dchokie,1
20-Feb-2023,90d,datascience,Forward-Map-5696,1
20-Feb-2023,90d,datascience,astrologicrat,1
20-Feb-2023,90d,datascience,Moist-Ad7080,1
20-Feb-2023,90d,datascience,PineappleBat25,1
20-Feb-2023,90d,datascience,actuarial_cat,1
20-Feb-2023,90d,datascience,jb3ok,1
20-Feb-2023,90d,datascience,GoodLyfe42,1
20-Feb-2023,90d,datascience,Cassegrain07,1
20-Feb-2023,90d,datascience,Potential_Quality_36,1
20-Feb-2023,90d,datascience,cptsanderzz,1
20-Feb-2023,90d,datascience,Tastetheload,1
20-Feb-2023,90d,datascience,spring_m,1
20-Feb-2023,90d,datascience,nickkon1,1
20-Feb-2023,90d,datascience,polandtown,1
20-Feb-2023,90d,datascience,BigMikeInAustin,1
20-Feb-2023,90d,datascience,Meatwad1313,1
20-Feb-2023,90d,datascience,DavidJason54321,1
20-Feb-2023,90d,datascience,volcs0,1
20-Feb-2023,90d,datascience,pacekeeper13,1
20-Feb-2023,90d,datascience,ohanse,1
20-Feb-2023,90d,datascience,Artuistic_Caramel,1
20-Feb-2023,90d,datascience,Epi_Nephron,1
20-Feb-2023,90d,datascience,Grahamthicke,1
20-Feb-2023,90d,datascience,niandra__lades7,1
20-Feb-2023,90d,datascience,alfred_klahr,1
20-Feb-2023,90d,datascience,Xena0422,1
20-Feb-2023,90d,datascience,smile_politely,1
20-Feb-2023,90d,datascience,The_Grim_Flower,1
