query_date,before_date,subreddit,submission_author,submission_frequency
21-Feb-2023,90d,amazonecho,Shot_Negotiation1693,8
21-Feb-2023,90d,amazonecho,Beautiful-Relief1004,5
21-Feb-2023,90d,amazonecho,Dansk72,2
21-Feb-2023,90d,amazonecho,Makelovenotwar-1234,2
21-Feb-2023,90d,amazonecho,cinemadudeofficial,2
21-Feb-2023,90d,amazonecho,Eclipse8301,2
21-Feb-2023,90d,amazonecho,Hoylegu,2
21-Feb-2023,90d,amazonecho,[deleted],2
21-Feb-2023,90d,amazonecho,gracielynn72,2
21-Feb-2023,90d,amazonecho,abdul998877,2
21-Feb-2023,90d,amazonecho,riegersn,2
21-Feb-2023,90d,amazonecho,TrustLeft,2
21-Feb-2023,90d,amazonecho,SciFi_Author,2
21-Feb-2023,90d,amazonecho,TravelingChick,1
21-Feb-2023,90d,amazonecho,MazerTee,1
21-Feb-2023,90d,amazonecho,Guybrush580,1
21-Feb-2023,90d,amazonecho,deadplant5,1
21-Feb-2023,90d,amazonecho,MaybeCanBeTHERE,1
21-Feb-2023,90d,amazonecho,timtroyrrtyl,1
21-Feb-2023,90d,amazonecho,washburn100,1
21-Feb-2023,90d,amazonecho,Resident-Inspector-2,1
21-Feb-2023,90d,amazonecho,AnAngryMelon,1
21-Feb-2023,90d,amazonecho,wolski22,1
21-Feb-2023,90d,amazonecho,shiori9422,1
21-Feb-2023,90d,amazonecho,tvausaf23,1
21-Feb-2023,90d,amazonecho,itkf99,1
21-Feb-2023,90d,amazonecho,HideGPOne,1
21-Feb-2023,90d,amazonecho,HandshakeOfCO,1
21-Feb-2023,90d,amazonecho,DoctorWH0877,1
21-Feb-2023,90d,amazonecho,badbob001,1
21-Feb-2023,90d,amazonecho,DPAmes1,1
21-Feb-2023,90d,amazonecho,cerebasan,1
21-Feb-2023,90d,amazonecho,chooseausername46,1
21-Feb-2023,90d,amazonecho,CasperTFG_808,1
21-Feb-2023,90d,amazonecho,polandonjupiter,1
21-Feb-2023,90d,amazonecho,TexanInBama,1
21-Feb-2023,90d,amazonecho,Mixtopher,1
21-Feb-2023,90d,amazonecho,thelastofbill,1
21-Feb-2023,90d,amazonecho,RedmondCooper,1
21-Feb-2023,90d,amazonecho,woody-99,1
21-Feb-2023,90d,amazonecho,RandalOulton,1
21-Feb-2023,90d,amazonecho,anotherbozo,1
21-Feb-2023,90d,amazonecho,tim0767,1
21-Feb-2023,90d,amazonecho,sidarous,1
21-Feb-2023,90d,amazonecho,_BindersFullOfWomen_,1
21-Feb-2023,90d,amazonecho,dean078,1
21-Feb-2023,90d,amazonecho,kevinsolr,1
21-Feb-2023,90d,amazonecho,Kooky_Most8619,1
21-Feb-2023,90d,amazonecho,ManG02,1
21-Feb-2023,90d,amazonecho,browneyedgyal,1
21-Feb-2023,90d,amazonecho,JonasInNYC,1
21-Feb-2023,90d,amazonecho,FewFavoriteThings,1
21-Feb-2023,90d,amazonecho,xerxes87co,1
21-Feb-2023,90d,amazonecho,created4this,1
21-Feb-2023,90d,amazonecho,jabberwotchi,1
21-Feb-2023,90d,amazonecho,Sanpie,1
21-Feb-2023,90d,amazonecho,DannyOTM,1
21-Feb-2023,90d,amazonecho,ChanklaChucker,1
21-Feb-2023,90d,amazonecho,SunniMonkey,1
21-Feb-2023,90d,amazonecho,Screaminhotdog,1
21-Feb-2023,90d,amazonecho,No_Country_4899,1
21-Feb-2023,90d,amazonecho,aboakingaccident,1
21-Feb-2023,90d,amazonecho,ceborame,1
21-Feb-2023,90d,amazonecho,speedycat2014,1
21-Feb-2023,90d,amazonecho,dabbydoook,1
21-Feb-2023,90d,amazonecho,Commercial_Daikon_92,1
21-Feb-2023,90d,amazonecho,HighRiskTrigger,1
21-Feb-2023,90d,amazonecho,manifestenthusiast,1
21-Feb-2023,90d,amazonecho,raphaeladidas,1
21-Feb-2023,90d,amazonecho,ToshiroBaloney,1
21-Feb-2023,90d,amazonecho,Ace42292,1
21-Feb-2023,90d,amazonecho,supermodel327,1
21-Feb-2023,90d,amazonecho,zeroquest,1
21-Feb-2023,90d,amazonecho,mickAMMO,1
21-Feb-2023,90d,amazonecho,p33k4y,1
21-Feb-2023,90d,amazonecho,keosen,1
21-Feb-2023,90d,amazonecho,Lovingmylife2020,1
21-Feb-2023,90d,amazonecho,loorana22,1
21-Feb-2023,90d,amazonecho,HundredCrowd691,1
21-Feb-2023,90d,amazonecho,redwingshat,1
21-Feb-2023,90d,amazonecho,Blazah,1
21-Feb-2023,90d,amazonecho,ThaaSky187,1
21-Feb-2023,90d,amazonecho,Not10X,1
21-Feb-2023,90d,amazonecho,Simple-Hovercraft181,1
21-Feb-2023,90d,amazonecho,soundguy64,1
21-Feb-2023,90d,amazonecho,Silent-Piccolo,1
21-Feb-2023,90d,amazonecho,wkearney99,1
21-Feb-2023,90d,amazonecho,Murphysburger,1
21-Feb-2023,90d,amazonecho,abeasom,1
21-Feb-2023,90d,amazonecho,mommytailor,1
21-Feb-2023,90d,amazonecho,Annual_Promotion,1
21-Feb-2023,90d,amazonecho,Endemoniada666,1
21-Feb-2023,90d,amazonecho,flintlockfay,1
21-Feb-2023,90d,amazonecho,EqualEngineer1,1
21-Feb-2023,90d,amazonecho,Future-Clothes-4404,1
21-Feb-2023,90d,amazonecho,HelioOne,1
21-Feb-2023,90d,amazonecho,ridgelift,1
21-Feb-2023,90d,amazonecho,DependentIncrease107,1
21-Feb-2023,90d,amazonecho,Beartunes_MA,1
21-Feb-2023,90d,amazonecho,jmsprague1,1
21-Feb-2023,90d,amazonecho,theforseriousness,1
21-Feb-2023,90d,amazonecho,RussianRoosterSB,1
21-Feb-2023,90d,amazonecho,gravypoptarts,1
21-Feb-2023,90d,amazonecho,Dazzling-Mammoth-788,1
21-Feb-2023,90d,amazonecho,OstieLi,1
21-Feb-2023,90d,amazonecho,Wit-wat-4,1
21-Feb-2023,90d,amazonecho,parkslopekid,1
21-Feb-2023,90d,amazonecho,UnluckyMechanic710,1
21-Feb-2023,90d,amazonecho,Fun_Drink575,1
21-Feb-2023,90d,amazonecho,richaardvark,1
21-Feb-2023,90d,amazonecho,PirateForDaLolz,1
21-Feb-2023,90d,amazonecho,RoyalArtefakt,1
21-Feb-2023,90d,amazonecho,GronlandicReddit,1
21-Feb-2023,90d,amazonecho,SmileyDxD,1
21-Feb-2023,90d,amazonecho,Hamm0nd2313,1
21-Feb-2023,90d,amazonecho,JacquesIowa,1
21-Feb-2023,90d,amazonecho,Vivalo,1
21-Feb-2023,90d,amazonecho,Puzzleheaded_Web1387,1
21-Feb-2023,90d,amazonecho,generic_clown,1
21-Feb-2023,90d,amazonecho,JoystikJester,1
21-Feb-2023,90d,amazonecho,pennyforyouthoughts,1
21-Feb-2023,90d,amazonecho,BAMred,1
21-Feb-2023,90d,amazonecho,Ace-Of-Mace,1
21-Feb-2023,90d,amazonecho,TikisMomma2011,1
21-Feb-2023,90d,amazonecho,Thisisnotmyceiling,1
21-Feb-2023,90d,amazonecho,eazypeazy1981,1
21-Feb-2023,90d,amazonecho,pbachran,1
21-Feb-2023,90d,amazonecho,honglong1976,1
21-Feb-2023,90d,amazonecho,CharacterInsect1,1
21-Feb-2023,90d,amazonecho,FromReelingToHealing,1
21-Feb-2023,90d,amazonecho,bullybullybanjo,1
21-Feb-2023,90d,amazonecho,TrevorRiley,1
21-Feb-2023,90d,amazonecho,beattysgirl,1
21-Feb-2023,90d,amazonecho,Hasabadusa,1
21-Feb-2023,90d,amazonecho,BeBopBaby2022,1
21-Feb-2023,90d,amazonecho,krunchee,1
21-Feb-2023,90d,amazonecho,where_is_open_now,1
21-Feb-2023,90d,amazonecho,OAreaMan,1
21-Feb-2023,90d,amazonecho,T-Money8227,1
21-Feb-2023,90d,amazonecho,LoveLaughLlama,1
21-Feb-2023,90d,amazonecho,damnit_kramit,1
21-Feb-2023,90d,amazonecho,thebigrlebowski,1
21-Feb-2023,90d,amazonecho,Snowbeddow,1
21-Feb-2023,90d,amazonecho,AraiMay,1
21-Feb-2023,90d,amazonecho,sincerely-sarcastic,1
21-Feb-2023,90d,amazonecho,tickthegreat,1
21-Feb-2023,90d,amazonecho,thinkofsomethingood,1
21-Feb-2023,90d,amazonecho,theAmazonLover0403,1
21-Feb-2023,90d,amazonecho,sonofzell,1
21-Feb-2023,90d,amazonecho,RandmTask,1
21-Feb-2023,90d,amazonecho,Uppernwbear,1
21-Feb-2023,90d,amazonecho,Throw-_-Away489,1
21-Feb-2023,90d,amazonecho,Pray44Mojo,1
21-Feb-2023,90d,amazonecho,teknokratikal,1
21-Feb-2023,90d,amazonecho,Old_Sprinkles_9027,1
21-Feb-2023,90d,amazonecho,Prof_Pine_,1
21-Feb-2023,90d,amazonecho,-RadarRanger-,1
21-Feb-2023,90d,amazonecho,will10000,1
21-Feb-2023,90d,amazonecho,billymild,1
21-Feb-2023,90d,amazonecho,Luuke_Nukem,1
21-Feb-2023,90d,amazonecho,JasDev10,1
21-Feb-2023,90d,amazonecho,LegalMechanic5927,1
21-Feb-2023,90d,amazonecho,Sclargor,1
21-Feb-2023,90d,amazonecho,sliptonic,1
21-Feb-2023,90d,amazonecho,PainterGuy777,1
21-Feb-2023,90d,amazonecho,jlbob,1
21-Feb-2023,90d,amazonecho,Breaking-Dad-,1
21-Feb-2023,90d,amazonecho,katatartaros,1
21-Feb-2023,90d,amazonecho,ace08401,1
21-Feb-2023,90d,amazonecho,AFlockOfBGulls,1
21-Feb-2023,90d,amazonecho,tbuds88,1
21-Feb-2023,90d,amazonecho,bisa84,1
21-Feb-2023,90d,amazonecho,Landoperk,1
21-Feb-2023,90d,amazonecho,You_Yew_Ewe,1
21-Feb-2023,90d,amazonecho,iniflonra,1
21-Feb-2023,90d,amazonecho,Less_Masterpiece_450,1
21-Feb-2023,90d,amazonecho,jeepsrollover,1
21-Feb-2023,90d,amazonecho,MonkeyGoggles78,1
21-Feb-2023,90d,amazonecho,See_Ya_Suckaz,1
21-Feb-2023,90d,amazonecho,dukescalder,1
21-Feb-2023,90d,amazonecho,CaptainCheezelz,1
21-Feb-2023,90d,amazonecho,Zedboy19752019,1
21-Feb-2023,90d,amazonecho,Gr8pes,1
21-Feb-2023,90d,amazonecho,NoSweat88,1
21-Feb-2023,90d,amazonecho,Beb_Nan0vor,1
21-Feb-2023,90d,amazonecho,patient-Spring-4,1
21-Feb-2023,90d,amazonecho,kgwright,1
21-Feb-2023,90d,amazonecho,Hungry_Caterpillar9,1
21-Feb-2023,90d,amazonecho,Drakknfyre,1
21-Feb-2023,90d,amazonecho,Artistic_Step_6865,1
21-Feb-2023,90d,amazonecho,buckeye5685,1
21-Feb-2023,90d,amazonecho,Big_Duke_Six,1
21-Feb-2023,90d,amazonecho,El-Pasha,1
21-Feb-2023,90d,amazonecho,AutoModerator,1
21-Feb-2023,90d,amazonecho,Ambassador-Patient,1
21-Feb-2023,90d,amazonecho,Actual_Steak1107,1
21-Feb-2023,90d,amazonecho,adamskate123,1
21-Feb-2023,90d,amazonecho,Occult-Beast,1
21-Feb-2023,90d,amazonecho,DueAbbreviations4731,1
21-Feb-2023,90d,amazonecho,missionbeach,1
21-Feb-2023,90d,amazonecho,nasbkrv,1
21-Feb-2023,90d,amazonecho,aztekincarnate,1
21-Feb-2023,90d,amazonecho,gonecramping,1
21-Feb-2023,90d,amazonecho,AndrewDGodGamer,1
21-Feb-2023,90d,amazonecho,JoeTRed61,1
21-Feb-2023,90d,amazonecho,Anonymous_GuineaPig,1
21-Feb-2023,90d,amazonecho,T_TChaos,1
21-Feb-2023,90d,amazonecho,annetoal,1
21-Feb-2023,90d,amazonecho,rock_nrollDADDY,1
21-Feb-2023,90d,amazonecho,HolyUNICORN1000,1
21-Feb-2023,90d,amazonecho,MarioDF,1
21-Feb-2023,90d,amazonecho,The0Walrus,1
21-Feb-2023,90d,amazonecho,skancerous,1
21-Feb-2023,90d,amazonecho,80andsunny,1
21-Feb-2023,90d,amazonecho,dfgooner,1
21-Feb-2023,90d,amazonecho,Oguinjr,1
21-Feb-2023,90d,amazonecho,Psychological-Cat212,1
21-Feb-2023,90d,amazonecho,Tribalbob,1
21-Feb-2023,90d,amazonecho,DiamondplateDave,1
21-Feb-2023,90d,amazonecho,No-Train-215,1
21-Feb-2023,90d,amazonecho,Raeganvg,1
