username	user_bio	video_link	video_captions
Oxvmx	1000حلمي		#fyp #السعودية #السعودية #fyp created by تيم ابو فله و دربحه with تيم ابو فله و دربحه's الصوت الأصلي
Oxvmx	1000حلمي		#السعودية #fyp created by تيم ابو فله و دربحه with تيم ابو فله و دربحه's الصوت الأصلي
Oxvmx	1000حلمي		#نميخسكيميظ #هترمبنرر #نيمبوز created by تيم ابو فله و دربحه with تيم ابو فله و دربحه's الصوت الأصلي
Oxvmx	1000حلمي		#نيمبوز #هترمبنرر #نميخسكيميظ created by تيم ابو فله و دربحه with تيم ابو فله و دربحه's الصوت الأصلي
Oxvmx	1000حلمي		#نميخسكيميظ #نميخسكيميظ #هترمبنرر #هترمبنرر #نيمبوز #نيمبوز created by تيم ابو فله و دربحه with تيم ابو فله و دربحه's الصوت الأصلي
Oxvmx	1000حلمي		#نميخسكيميظ #هترمبنرر #نيمبوز #نميخسكيميظ #هترمبنرر #نيمبوز created by تيم ابو فله و دربحه with تيم ابو فله و دربحه's الصوت الأصلي
Oxvmx	1000حلمي		#نيمبوز #هترمبنرر #نميخسكيميظ #نيمبوز #هترمبنرر #نميخسكيميظ #نيمبوز #هترمبنرر #نميخسكيميظ created by تيم ابو فله و دربحه with تيم ابو فله و دربحه's الصوت الأصلي
Oxvmx	1000حلمي		#نميخسكيميظ #هترمبنرر #نيمبوز #نميخسكيميظ #هترمبنرر #نيمبوز #نميخسكيميظ #هترمبنرر #نيمبوز created by تيم ابو فله و دربحه with تيم ابو فله و دربحه's الصوت الأصلي
Oxvmx	1000حلمي		#نيمبوز #هترمبنرر #نميخسكيميظ created by تيم ابو فله و دربحه with تيم ابو فله و دربحه's الصوت الأصلي
Oxvmx	1000حلمي		 created by تيم ابو فله و دربحه with تيم ابو فله و دربحه's الصوت الأصلي
Oxvmx	1000حلمي		 created by تيم ابو فله و دربحه with تيم ابو فله و دربحه's الصوت الأصلي
Oxvmx	1000حلمي		 created by تيم ابو فله و دربحه with تيم ابو فله و دربحه's الصوت الأصلي
Oxvmx	1000حلمي		 created by تيم ابو فله و دربحه with تيم ابو فله و دربحه's الصوت الأصلي
